dataset,id,truck,total_volume_m3,before_m3,after_m3,difference_m3,before_percent,after_percent,geometric_m3,geometric_percent,changed,overlap,rms,accepted,calibrated
n-gk 2,12837,B645HM198,26.988054336000022,15.387612266951727,15.387612266951727,-11.600442069048295,42.983617583629155,42.983617583629155,15.370228827163697,43.04802919171178,False,0.6777210884353742,70.07712196539077,1,1
n-gk 2,12838,A281MC778,29.424773136000013,29.550326876818616,29.550326876818616,0.12555374081860293,0.42669399773551664,0.42669399773551664,30.00648132826216,1.9769334824554674,False,0.5399495374264087,91.68701096194371,1,1
n-gk 2,12839,A455KB778,25.79449439999996,26.14315586594669,26.14315586594669,0.34866146594673,1.3516894750483344,1.3516894750483344,26.1965930289917,1.5588544700908757,False,0.5566465256797583,95.16688090317271,1,1
n-gk 2,12841,B712HX198,15.88530066,16.05110488031657,16.05110488031657,0.16580422031656816,1.0437587796753078,1.0437587796753078,15.999786361175538,0.7207021360559951,False,0.6239388794567062,74.1307489382143,1,1
n-gk 2,12843,B112HO178,16.37503640800004,16.139574045289503,16.139574045289503,-0.23546236271053544,1.4379348957996863,1.4379348957996863,16.139574045289503,1.4379348957996863,False,0.7420118343195267,84.11753764453802,1,0
n-gk 2,12844,B645HM198,18.966280332,19.501198858280972,19.501198858280972,0.5349185262809719,2.820366022843479,2.820366022843479,19.501198858280972,2.820366022843479,False,0.3359497645211931,85.95738526975238,0,0
n-gk 2,12847,K290CO60,29.91875832000004,30.4083832779015,30.4083832779015,0.48962495790145866,1.6365149671808243,1.6365149671808243,30.73830087879964,2.7392265081126466,False,0.44140625,90.23500688175936,1,1
n-gk 2,12849,B112HO178,19.36173935600002,19.52298698945113,19.52298698945113,0.16124763345111148,0.8328158461710755,0.8328158461710755,19.936452512878418,2.968293014957357,False,0.4894795127353267,69.42064987473672,1,1
n-gk 2,12851,M554EK198,31.039214040000054,31.323988070876172,31.323988070876172,0.2847740308761182,0.9174653408076994,0.9174653408076994,31.32523811080743,0.9214926332824502,False,0.4719446579554189,92.92482606876395,1,1
n-gk 2,12852,K290CO60,30.949692312000025,31.293978674032488,31.293978674032488,0.344286362032463,1.1124064128384736,1.1124064128384736,31.946762095704106,3.2215822168851993,False,0.3954758190327613,97.52755620294229,0,1
n-gk 2,12855,K767BK147,30.473993688000007,30.76881186092129,30.76881186092129,0.294818172921282,0.9674418651513195,0.9674418651513195,30.76821051768551,0.9654685654193029,False,0.40631888317413667,92.79045015059378,1,1
n-gk 2,12860,T600CH178,20.271084743999975,20.18257879871114,20.18257879871114,-0.08850594528883349,0.43661178672261824,0.43661178672261824,20.64234189770508,1.831461702191306,False,0.37346437346437344,68.62533751315631,1,1
n-gk 2,12862,K602XK198,27.838489944000017,28.177424128248045,28.177424128248045,0.33893418424802846,1.2175020445786666,1.2175020445786666,27.741986396919252,0.34665510692172274,False,0.5698447893569845,88.83511750303222,1,1
n-gk 2,12866,M600YX178,20.11284007600001,20.86062233622925,20.86062233622925,0.7477822602292434,3.7179346994437923,3.7179346994437923,21.261710081842484,5.712122213975057,False,0.4558139534883721,75.59192872772817,1,1
n-gk 2,12869,H571AH198,15.399054140000002,16.010329037589504,16.010329037589504,0.6112748975895013,3.9695613252094253,3.9695613252094253,16.24776858618361,5.511471279128899,False,0.5901060070671378,72.37750323471472,1,1
n-gk 2,12873,M554EK198,30.51470882400001,30.741516509627694,30.741516509627694,0.2268076856276835,0.743273307754122,0.743273307754122,30.2107844607669,0.9959929979540649,False,0.5887372013651877,89.37685784429868,1,1
n-gk 2,12874,B431TY178,27.463032432000013,27.891773184644837,27.891773184644837,0.42874075264482414,1.561155905511935,1.561155905511935,27.617515846394262,0.5625140442038212,False,0.5880626223091977,85.57933041854547,1,1
n-gk 2,12875,A875CK178,25.970757744000007,26.134009395006185,26.134009395006185,0.16325165100617767,0.6285979508776407,0.6285979508776407,26.057641817875364,0.3345457792637063,False,0.6774193548387096,86.09278588264858,1,1
n-gk 2,12876,T983OM198,17.705399652000015,17.543412026360453,17.543412026360453,-0.16198762563956137,0.914905220008766,0.914905220008766,17.205271330261233,2.8247220145764196,False,0.6764705882352942,80.86250926257866,1,1
n-gk 2,12877,P797TK178,26.84303032799997,26.886561899033435,26.886561899033435,0.04353157103346561,0.16217085217855587,0.16217085217855587,26.774379156555177,0.25575045218788617,False,0.5091074681238615,73.55899157874612,1,1
n-gk 2,12878,T324TB198,27.805377479999976,27.14372129551749,27.14372129551749,-0.6616561844824851,2.379597921151777,2.379597921151777,27.293927625823976,1.839391874984897,False,0.5552115583075335,89.01456397992297,1,1
n-gk 2,12883,P600TH178,20.51409676400013,20.543077139911638,20.543077139911638,0.028980375911508816,0.14127054310462128,0.14127054310462128,20.732111915623275,1.062757742303999,False,0.6949720670391062,63.59314485789098,1,1
n-gk 2,12885,C427TK178,14.764001048000004,15.189433460101123,15.189433460101123,0.4254324121011184,2.8815523022382106,2.8815523022382106,15.183088667495728,2.8385775517978162,False,0.5524542829643888,61.86130352205225,1,1
n-gk 2,12886,K767BK147,30.832802352000012,30.351897142822953,30.351897142822953,-0.4809052091770596,1.5597194302575779,1.5597194302575779,30.92284139433243,0.29202354461490554,False,0.48044692737430167,85.84927612527942,1,1
n-gk 2,12887,C435CE198,30.33042542399999,30.52312917459616,30.52312917459616,0.19270375059616995,0.6353479976040299,0.6353479976040299,30.26879096723515,0.20320999756260338,False,0.5603448275862069,88.77850997862322,1,1
n-gk 2,12888,P600TH178,20.250734828000105,20.12327459959932,20.12327459959932,-0.12746022840078552,0.6294103867507506,0.6294103867507506,20.355070817504885,0.5152207581154977,False,0.6149131767109295,74.62805058688427,1,1
n-gk 2,12889,H571AH198,16.071623127999995,16.431786985703088,16.431786985703088,0.36016385770309256,2.240992430164779,2.240992430164779,16.634130991424563,3.500006557797919,False,0.5743801652892562,57.896934831116646,1,1
n-gk 2,12890,A451HK778,38.40583763999998,34.27525295526123,34.27525295526123,-4.13058468473875,10.7550959399899,10.7550959399899,34.27525295526123,10.7550959399899,False,0.36845549738219896,93.63491501155309,0,0
n-gk 2,12891,H692TB198,29.889492480000012,29.513928812582783,29.513928812582783,-0.3755636674172287,1.2565073417306394,1.2565073417306394,29.919695788970948,0.10104992244730493,False,0.4795996920708237,99.04783343842045,1,1
n-gk 2,12892,X141AC178,27.142292207999983,27.074064180977217,27.074064180977217,-0.06822802702276576,0.2513716472430261,0.2513716472430261,27.59991605173747,1.68601767393326,False,0.6830932524639879,83.39578001162572,1,1
n-gk 2,12893,B393PE178,27.245814048000035,27.54265819785902,27.54265819785902,0.296844149858984,1.089503691598348,1.089503691598348,27.927889888907874,2.5034151657432613,False,0.6088235294117647,89.45733349410825,1,1
n-gk 2,12894,X254YT178,24.46768460800003,24.403559862736135,24.403559862736135,-0.06412474526389644,0.26207933562675256,0.26207933562675256,24.564411355957034,0.3953244841376602,False,0.7123893805309734,85.13688421148154,1,1
n-gk 2,12895,B431TY178,28.74653025600004,29.2559375501711,29.2559375501711,0.5094072941710621,1.772065322787042,1.772065322787042,29.003937573231894,0.8954378665513074,False,0.5216383307573416,88.4328220589225,1,1
n-gk 2,12896,H486TT198,17.830315579999915,18.006266218110436,18.006266218110436,0.17595063811052114,0.9868060793488231,0.9868060793488231,17.918627948822024,0.49529335824638476,False,0.6432203389830509,78.49056128853145,1,1
n-gk 2,12897,K123YY147,30.320409839999986,31.607246758069376,31.607246758069376,1.2868369180693904,4.244127717468182,4.244127717468182,31.512453735717774,3.931490049139086,False,0.39783393501805053,92.75415295929045,1,1
n-gk 2,12898,K767BK147,30.257337528000026,30.89600681769952,30.89600681769952,0.638669289699493,2.1107914373115877,2.1107914373115877,30.431153898677117,0.5744602297417689,False,0.4289985052316891,78.84885249773998,1,1
n-gk 2,12899,H486TT198,18.29595715599995,18.116187183814336,18.116187183814336,-0.17976997218561408,0.9825666438372682,0.9825666438372682,18.087648876068116,1.1385481402022335,False,0.5579819277108434,80.3459717681525,1,1
n-gk 2,12900,A426OC198,28.185541679999996,28.04279157041207,28.04279157041207,-0.14275010958792578,0.5064657305813625,0.5064657305813625,28.625703372070316,1.5616577359684136,False,0.5735080058224163,84.74193731400798,1,1
n-gk 2,12901,H692TB198,28.485583655999992,28.321539316094718,28.321539316094718,-0.16404433990527423,0.5758854790771317,0.5758854790771317,28.372483293184022,0.3970442178113709,False,0.553076923076923,91.689422946611,1,1
n-gk 2,12908,C427TK178,15.556621068000007,15.677442553804937,15.677442553804937,0.1208214858049299,0.7766563527954018,0.7766563527954018,15.863228471832276,1.9709125940141403,False,0.5840537944284342,51.005451571339336,1,1
n-gk 2,12914,A232OY198,27.839471591999978,28.219061211019874,28.219061211019874,0.37958961901989596,1.3634943384808196,1.3634943384808196,28.23581437625885,1.4236720799426728,False,0.6114151681000782,88.91137852948151,1,1
n-gk 2,12915,T303CX198,34.16893879200004,33.95062381002948,33.95062381002948,-0.21831498197056476,0.6389281894282228,0.6389281894282228,34.70526657861328,1.569635480569298,False,0.337087691069992,83.16581121113164,0,1
n-gk 2,12916,B636CH178,25.79596075199999,25.78937903253573,25.78937903253573,-0.006581719464257674,0.025514535114756765,0.025514535114756765,26.09975632262421,1.1776865903343703,False,0.633358954650269,88.37281777161999,1,1
n-gk 2,12917,B635CH178,26.913400536000005,26.389054709824112,26.389054709824112,-0.5243458261758924,1.9482704367830284,1.9482704367830284,25.49531644999695,5.269063209259617,False,0.4749807544264819,88.34228931614233,1,1
n-gk 2,12920,B637CH178,26.245445375999992,26.398435215179443,26.398435215179443,0.15298983917945108,0.582919577045371,0.582919577045371,26.398435215179443,0.582919577045371,False,0.6793557833089312,91.64019047781804,1,0
n-gk 2,12922,B393PE178,26.777541431999964,26.692449997582536,26.692449997582536,-0.0850914344174285,0.3177716469359715,0.3177716469359715,26.988268863098146,0.7869558586373948,False,0.6390922401171303,85.00484131267677,1,1
n-gk 2,12923,X254YT178,27.044189015999976,27.40252878564305,27.40252878564305,0.3583397696430737,1.3250157711554023,1.3250157711554023,27.531482342102052,1.8018411489942654,False,0.5669117647058823,89.26454246231269,1,1
n-gk 2,12925,C427TK178,16.301610591999996,16.491814378524715,16.491814378524715,0.19020378652471948,1.1667791072009992,1.1667791072009992,16.663748574462893,2.2214859103591555,False,0.5203862660944206,59.02628384303251,1,1
n-gk 2,12926,H692TB198,29.237426063999997,29.10767874330915,29.10767874330915,-0.12974732069084638,0.4437713511676211,0.4437713511676211,29.037567173561097,0.683572110627706,False,0.523990860624524,91.45854085909154,1,1
n-gk 2,12927,P797TK178,26.314235808000007,26.080127927588045,26.080127927588045,-0.23410788041196184,0.8896624706113965,0.8896624706113965,26.296379305664065,0.06785871520734732,False,0.4539829853054911,82.16349703252762,1,1
n-gk 2,12928,H815XE198,20.949179064000017,21.52087051877778,21.52087051877778,0.5716914547777634,2.7289444279951836,2.7289444279951836,21.692211952423097,3.546835349266453,False,0.4062229904926534,75.90057707310308,1,1
n-gk 2,12933,C427TK178,14.737208688000011,15.043651866783616,15.043651866783616,0.3064431787836046,2.0793841308166527,2.0793841308166527,15.097408316894532,2.444150968614678,False,0.5830479452054794,73.34243497291412,1,1
n-gk 2,12934,M982AH147,26.70150165599999,27.864235901882786,27.864235901882786,1.1627342458827954,4.35456500110929,4.35456500110929,27.525434850551967,3.0857185680672528,False,0.5990180032733224,87.50197238412632,1,1
n-gk 2,12936,A232OY198,27.324963599999975,27.053539657644965,27.053539657644965,-0.27142394235501044,0.9933185870923178,0.9933185870923178,27.351658099319458,0.09769271685136083,False,0.579066265060241,83.94933348253494,1,1
n-gk 2,12937,B602CH178,26.228799384,26.5100346619607,26.5100346619607,0.28123527796070036,1.0722384728454548,1.0722384728454548,26.78529317390442,2.1216899094660624,False,0.6771066368381805,81.83924963529239,1,1
n-gk 2,12939,B285OE178,25.74901943999996,25.532774061067197,25.532774061067197,-0.2162453789327614,0.8398198596907935,0.8398198596907935,25.732822964447024,0.06290132946877858,False,0.6543951915852743,83.43270145214845,1,1
n-gk 2,12941,B637CH178,26.330566823999984,26.34674885084101,26.34674885084101,0.016182026841025987,0.06145719136694261,0.06145719136694261,26.39424891851807,0.241856147434083,False,0.6604338070306657,86.14285023329026,1,1
n-gk 2,12942,B636CH178,27.656865072000063,21.541778153709412,29.026782958740235,1.369917886740172,22.110557007712316,4.953265249600114,29.026782958740235,4.953265249600114,True,0.5044687189672294,113.65570404159678,0,0
n-gk 2,12943,B635CH178,27.269685312000053,27.355539836690674,27.355539836690674,0.08585452469062105,0.31483504011262653,0.31483504011262653,27.53980417254639,0.9905463061118391,False,0.568939393939394,87.53472349656137,1,1
n-gk 2,12944,A089HO778,26.76883430400001,27.187624178353175,27.187624178353175,0.41878987435316617,1.5644681034563623,1.5644681034563623,27.003307380661013,0.8759181442053565,False,0.6970338983050848,88.10468001257694,1,1
n-gk 2,12945,A587XX147,28.966103208000096,29.00271889288943,29.00271889288943,0.03661568488933398,0.1264087358468835,0.1264087358468835,28.951646778808595,0.049908091149475364,False,0.5969202898550725,73.84309592574547,1,1
n-gk 2,12946,A256PT778,25.897183103999986,25.873525782388196,25.873525782388196,-0.023657321611789683,0.09135094545528188,0.09135094545528188,26.111376743431094,0.8270924238012123,False,0.6385826771653543,88.72071278102487,1,1
n-gk 2,12947,A491KB778,26.31476049600002,26.509747236112716,26.509747236112716,0.19498674011269657,0.7409785855445383,0.7409785855445383,26.651007773437502,1.277789617308489,False,0.6408746846089151,89.26193519099738,1,1
n-gk 2,12948,C561AE998,28.31172261600003,28.800592350971414,28.800592350971414,0.4888697349713844,1.7267396322084183,1.7267396322084183,29.30078156542081,3.4934608636700393,False,0.4975767366720517,90.64919719615301,1,1
n-gk 2,12949,C427TK178,15.764150411999998,15.98401952105283,15.98401952105283,0.21986910905283175,1.3947412534548231,1.3947412534548231,16.10827716357422,2.1829704905141245,False,0.5725725725725725,57.97193859313985,1,1
n-gk 2,12950,X365TA178,15.880701503999973,15.914583377872397,15.914583377872397,0.03388187387242425,0.2133525012348425,0.2133525012348425,15.986765697561774,0.6678810349472597,False,0.6384928716904277,77.62599816467868,1,1
n-gk 2,12951,X411HA198,29.823697992000135,30.01147910423199,30.01147910423199,0.1877811122318569,0.6296372511625625,0.6296372511625625,30.697500332660226,2.9298926675507486,False,0.5008264462809917,86.21784488350136,1,1
n-gk 2,12952,B285OE178,25.78044940799997,25.61270678784893,25.61270678784893,-0.16774262015104213,0.6506582468612465,0.6506582468612465,25.682959687500002,0.3781536890885895,False,0.6553894571203777,88.69675877241906,1,1
n-gk 2,12953,H571AH198,14.99878666400001,14.919755714592833,14.919755714592833,-0.07903094940717637,0.5269156177603707,0.5269156177603707,14.948823245361329,0.3331164030661471,False,0.6234458259325044,74.15734270159261,1,1
n-gk 2,12954,A012HO778,26.54463340800002,26.3295612302321,26.3295612302321,-0.2150721777679223,0.8102284724079256,0.8102284724079256,26.485904186828616,0.22124706063449961,False,0.6369376479873717,87.31738541128746,1,1
n-gk 2,12955,X411HA198,30.371966760000117,31.290100267481026,31.290100267481026,0.9181335074809098,3.0229636254247794,3.0229636254247794,31.290100267481026,3.0229636254247794,False,0.42133537989255565,90.16043159430738,1,0
n-gk 2,12956,T303CX198,32.78154907200005,32.96906945289113,32.96906945289113,0.1875203808910797,0.5720302615328521,0.5720302615328521,33.642697074462895,2.6269289488774827,False,0.3588370313695486,79.42665212352057,1,1
n-gk 2,12957,C561AE198,32.68949407200007,32.16450160947858,32.16450160947858,-0.5249924625214959,1.6059975151808015,1.6059975151808015,32.99635126858521,0.9387028013014387,False,0.38480194017784963,72.77421293756575,1,1
n-gk,13770,X254YT178,27.334027320000004,27.27222338663801,27.27222338663801,-0.0618039333619933,0.2261062105428313,0.2261062105428313,27.62096327133179,1.049739022986329,False,0.621969696969697,89.42490590421154,1,1
n-gk,13771,C757TH198,29.908030776000174,29.807779531917838,29.807779531917838,-0.10025124408233665,0.33519841153427654,0.33519841153427654,30.33284054051501,1.420386944551777,False,0.45642795513373596,73.81587782092623,1,1
n-gk,13773,M563XM198,29.59889407200007,29.863535485287837,29.863535485287837,0.2646414132877659,0.8940922341355684,0.8940922341355684,30.26028218952942,2.23450280243751,False,0.565284178187404,83.34309638155626,1,1
n-gk,13774,K027YK198,11.677739947999978,11.571060270350769,11.571060270350769,-0.10667967764920938,0.9135301704289112,0.9135301704289112,11.20802552243042,4.022305922731261,False,0.8519774011299435,82.71875832617062,1,1
n-gk,13775,B636CH178,28.327870031999993,28.198006314653632,28.198006314653632,-0.12986371734636037,0.4584309275623699,0.4584309275623699,28.54794161693573,0.7768730394736245,False,0.6,88.58071186390838,1,1
n-gk,13777,T045PX198,29.167860840000102,29.18391190845024,29.18391190845024,0.016051068450138928,0.05502998158892769,0.05502998158892769,29.916264876457216,2.5658516425406397,False,0.5690036900369003,88.83581372138872,1,1
n-gk,13779,M763MK198,18.616202283999993,18.72219740217582,18.72219740217582,0.10599511817582652,0.5693702537113321,0.5693702537113321,18.819717262481692,1.0932142623773178,False,0.44143426294820715,61.693550285399205,1,1
n-gk,13780,H980TP198,27.997200720000055,28.134883003528252,28.134883003528252,0.13768228352819634,0.4917716056871413,0.4917716056871413,28.671219252893483,2.4074497291150188,False,0.46297948260481714,66.3621133115942,1,1
n-gk,13781,M600TM198,20.862703148000037,20.582052457526615,20.582052457526615,-0.28065069047342206,1.34522687919435,1.34522687919435,20.242015783012768,2.975105194106975,False,0.4821621621621622,81.17237776810522,1,1
n-gk,13782,C427TK178,16.102733660000016,16.505374749229773,16.505374749229773,0.40264108922975694,2.500451772545542,2.500451772545542,16.747836881286624,4.006172087967119,False,0.483493077742279,59.661552281470776,1,1
n-gk,13783,X365TA178,16.597600867999958,16.874812942729182,16.874812942729182,0.27721207472922416,1.6701936438517917,1.6701936438517917,17.32800233166504,4.400644824959543,False,0.49477351916376305,69.60934752260823,1,1
n-gk,13784,A213HA147,19.332596124000027,19.327566417018772,19.327566417018772,-0.005029706981254378,0.026016717822030522,0.026016717822030522,19.057920576416016,1.4207897678213066,False,0.2711988304093567,80.87714907151855,0,1
n-gk,13785,C466HT178,28.770552888000022,29.253952914241644,29.253952914241644,0.4834000262416218,1.6801902560699356,1.6801902560699356,29.195172445976258,1.4758825095549044,False,0.4045608108108108,77.7917148531983,0,1
n-gk,13787,A750MA147,19.15733091200001,19.11729813207353,19.11729813207353,-0.0400327799264808,0.20896846283218196,0.20896846283218196,19.383834239868165,1.1823323870564506,False,0.570873786407767,65.93372759685882,1,1
n-gk,13788,K720XC147,18.67606835599999,18.62681867707216,18.62681867707216,-0.04924967892783272,0.2637047476430454,0.2637047476430454,18.678602884666443,0.013570996947209757,False,0.5851996105160662,81.78256348210097,1,1
n-gk,13791,B075CE198,18.73134680800001,18.69827455845918,18.69827455845918,-0.033072249540829546,0.17656098026386235,0.17656098026386235,18.729406248870852,0.010359955154570777,False,0.5186500888099467,78.60935066708795,1,1
n-gk,13793,Y435MP178,27.351197591999973,27.472791751865504,27.472791751865504,0.12159415986553057,0.44456612715597643,0.44456612715597643,27.816818152793886,1.70237723312745,False,0.6200305810397554,90.02627288822842,1,1
n-gk,13795,K600HY178,27.38207544000012,27.371356455963284,27.371356455963284,-0.010718984036834911,0.039145988259081665,0.039145988259081665,28.512293127730477,4.127582257988083,False,0.491585473870682,73.4617498844394,1,1
n-gk,13798,B075CE198,19.214736108000004,19.06797008648986,19.06797008648986,-0.1467660215101425,0.763820125788961,0.763820125788961,19.17904734942627,0.18573639717526236,False,0.4776604386677498,77.00002030745196,1,1
n-gk,13799,P584HY198,28.625880167999963,28.959628584546014,28.959628584546014,0.3337484165460509,1.1658974836314062,1.1658974836314062,28.50767253252411,0.41293974117865284,False,0.4909688013136289,92.1588439725794,1,1
n-gk,13800,C757TH198,29.583777672000192,29.599370494645292,29.599370494645292,0.015592822645100313,0.05270734122593268,0.05270734122593268,30.465523785139325,2.9805054747070736,False,0.43828264758497315,74.46582920373197,1,1
n-gk,13802,B075CE198,18.8493914,19.018112365382983,19.018112365382983,0.16872096538298464,0.8951003340244901,0.8951003340244901,19.22523154972002,1.9939113244792805,False,0.5035573122529644,69.32130272887636,1,1
n-gk,13804,C427TK178,16.138779951999993,16.220977612241274,16.220977612241274,0.08219766024128106,0.5093176837763114,0.5093176837763114,16.320626240343476,1.126766018771752,False,0.577,57.65750556384306,1,1
n-gk,13805,X365TA178,15.94436827599998,15.97140518349889,15.97140518349889,0.027036907498910523,0.1695702647536601,0.1695702647536601,16.218213106201173,1.7175019132830371,False,0.5401174168297456,64.36954378497136,1,1
n-gk,13806,T055XB198,30.23807625600003,30.293879487336294,30.293879487336294,0.05580323133626308,0.18454623522947688,0.18454623522947688,31.069545328125002,2.749741964685959,False,0.5191717791411042,87.55625496959769,1,1
n-gk,13807,A600PT778,25.631626632000216,25.81194291417938,25.81194291417938,0.18031628217916307,0.7034913732476333,0.7034913732476333,26.41718317401123,3.064793948856437,False,0.2783059636992221,61.63110859911282,1,1
n-gk,13808,H255HT198,29.634657719999975,29.6501024229192,29.6501024229192,0.015444702919225506,0.052117028194320625,0.052117028194320625,29.996762130775455,1.221895033162812,False,0.4871382636655949,90.2333735662456,1,1
n-gk,13810,T393PX198,32.77403330400003,32.39799868681066,32.39799868681066,-0.3760346171893687,1.1473553276199144,1.1473553276199144,33.02707505163574,0.7720799734612704,False,0.47322142286171065,82.44452084922125,1,1
n-gk,13812,H980TP198,28.088775504000044,28.24056131794403,28.24056131794403,0.15178581394398805,0.540378892352833,0.540378892352833,29.02636053163147,3.337934854076896,False,0.43005181347150256,77.90197763635275,1,1
n-gk,13813,B075CE198,19.15590539200001,19.15274923544182,19.15274923544182,-0.0031561565581910145,0.016476154447442326,0.016476154447442326,19.39158448609598,1.2303208293897416,False,0.49802058590657167,74.46626890137516,1,1
n-gk,13814,K728XC147,18.888435815999955,18.840496821287637,18.840496821287637,-0.047938994712318106,0.25380076560764797,0.25380076560764797,19.09783468927002,1.108608861580196,False,0.543921916592724,62.945070913656046,1,1
n-gk,13815,M763MK198,17.960164383999988,17.93313505141817,17.93313505141817,-0.02702933258181872,0.15049601999131967,0.15049601999131967,17.99837734741974,0.21276510950976046,False,0.4888691006233304,60.06136436875908,1,1
n-gk,13817,A585ET147,20.40598054800001,20.35446022697947,20.35446022697947,-0.05152032102053994,0.2524765761652614,0.2524765761652614,20.556651736999513,0.7383677968578306,False,0.45132743362831856,73.86809898180597,1,1
n-gk,13819,B637CH178,27.901758095999995,27.746454507893386,27.746454507893386,-0.15530358810660871,0.5566086107271939,0.5566086107271939,27.940183690979005,0.1377174687229532,False,0.6045994065281899,88.26091292255218,1,1
n-gk,13820,B075CE198,19.124084160000027,19.270442206116115,19.270442206116115,0.14635804611608805,0.7653074776893698,0.7653074776893698,19.435241389548423,1.6270438204785354,False,0.46166807076663857,78.72289352943832,1,1
n-gk,13822,M763MK198,18.07997233599998,18.10049852598451,18.10049852598451,0.020526189984529708,0.11352998557225824,0.11352998557225824,18.015580896858218,0.3561478853236322,False,0.5131118881118881,73.7973225616442,1,1
n-gk,13823,M600TM198,21.980478924000018,21.597040113985727,21.597040113985727,-0.38343881001429025,1.7444515715061226,1.7444515715061226,21.2180527265625,3.4686514341825347,False,0.4446786090621707,67.00870039092948,1,1
n-gk,13826,B075CE198,18.922086328000024,18.949374506269347,18.949374506269347,0.027288178269323282,0.14421336947894048,0.14421336947894048,19.167726018322934,1.2981638814290042,False,0.5095846645367412,74.23164168552321,1,1
n-gk,13827,K600HY178,27.55390708799994,27.878016566654406,27.878016566654406,0.32410947865446715,1.1762741219216055,1.1762741219216055,29.72383010952759,7.875191763540057,False,0.46557971014492755,81.07189732625568,1,1
n-gk,13829,K404CB147,16.77427141199982,16.853365758355256,16.853365758355256,0.07909434635543633,0.4715217991456466,0.4715217991456466,16.93459298968506,0.9557588150776786,False,0.540885860306644,72.01619589277685,1,1
n-gk,13830,C427TK178,16.360700867999988,16.29768028650571,16.29768028650571,-0.06302058149427836,0.3851948764465263,0.3851948764465263,16.463562451638754,0.6287113520909937,False,0.5238095238095238,57.64773943521133,1,1
n-gk,13831,X365TA178,16.151853947999967,16.23399959157928,16.23399959157928,0.08214564357931309,0.508583372805238,0.508583372805238,16.610597672607422,2.84019237719928,False,0.45073375262054505,62.92224026579132,1,1
n-gk,13832,A763TH147,17.273572976000025,17.3449230509641,17.3449230509641,0.07135007496407297,0.41305915726415066,0.41305915726415066,17.442698377944946,0.979099125467009,False,0.53125,55.817008071006065,1,1
n-gk,13834,M763MK198,18.06507730000001,17.917642167491035,17.917642167491035,-0.14743513250897422,0.8161334162072653,0.8161334162072653,17.93467697607422,0.7218365122954151,False,0.5042573320719016,77.91144949191828,1,1
n-gk,13835,A600PT778,25.54040383200025,25.601641654606116,25.601641654606116,0.06123782260586452,0.23976841951549588,0.23976841951549588,26.12069033532715,2.272033391264716,False,0.33723196881091616,67.6789770452742,1,1
n-gk,13836,C757TH198,28.5911434560002,29.460731400525297,29.460731400525297,0.8695879445250974,3.0414591352854847,3.0414591352854847,30.51685484692383,6.735342340844697,False,0.41962077493816985,67.20840746823825,1,1
n-gk,13838,M554EK198,30.20551744800001,30.193677158186897,30.193677158186897,-0.011840289813111582,0.03919909610387018,0.03919909610387018,30.163706231437686,0.13842244760183808,False,0.4469403563129357,91.10115662119817,1,1
n-gk,13842,M084EY147,32.83642752000009,32.902906807662426,32.902906807662426,0.06647928766233235,0.2024559085236799,0.2024559085236799,33.678444450119024,2.564276913516461,False,0.4344569288389513,63.85562768980756,1,1
n-gk,13843,A875CK178,27.95914125599995,27.764117623554217,27.764117623554217,-0.19502363244573218,0.6975308385191559,0.6975308385191559,27.588476240386964,1.3257381985344097,False,0.5332290852228303,92.66513856061708,1,1
n-gk,13844,C435CE198,30.467408159999952,30.657482531506044,30.657482531506044,0.19007437150609263,0.6238613094619483,0.6238613094619483,30.27204846057129,0.6412087907272102,False,0.4619607843137255,90.48593561570769,1,1
n-gk,13845,B431TY178,28.529941823999973,28.730199545593965,28.730199545593965,0.20025772159399224,0.7019212406017994,0.7019212406017994,28.453481519073488,0.26800021324321355,False,0.4960691823899371,91.32319414460936,1,1
n-gk,13847,B075CE198,19.281499884,19.26621052211423,19.26621052211423,-0.015289361885770347,0.07929550075332914,0.07929550075332914,19.353972520706495,0.37586617816300905,False,0.49002849002849,82.26154076689758,1,1
n-gk,13848,X141AC178,26.58425469600006,26.704987217104517,26.704987217104517,0.12073252110445765,0.45415048300234684,0.45415048300234684,27.005510860290528,1.5846077654148027,False,0.6076807228915663,89.18958166240205,1,1
n-gk,13852,B075CE198,18.853574024000007,18.755186899095122,18.755186899095122,-0.09838712490488533,0.5218486679482659,0.5218486679482659,18.839698970289454,0.07359375836587523,False,0.5307101727447217,77.01442781599947,1,1
n-gk,13853,Y435MP178,27.577678800000005,27.537810753731947,27.537810753731947,-0.039868046268058066,0.14456635947206475,0.14456635947206475,27.93181873150635,1.2841542396466954,False,0.5825169555388093,89.35246617347411,1,1
n-gk,13854,T369OK178,19.148998212000013,19.003591488594434,19.003591488594434,-0.14540672340557848,0.7593437619857202,0.7593437619857202,18.918508285473635,1.2036657164756437,False,0.47044534412955463,73.97658339868073,1,1
n-gk,13855,C427TK178,15.897910332,15.903737935592519,15.903737935592519,0.005827603592518216,0.036656412514712855,0.036656412514712855,15.991194137283326,0.5867677156007112,False,0.5712996389891697,56.91017641790952,1,1
n-gk,13857,B075CE198,19.66800244000004,19.714558198889055,19.714558198889055,0.04655575888901353,0.23670812036473698,0.23670812036473698,19.755289641197205,0.44380308301996685,False,0.45251396648044695,82.39945922147275,1,1
n-gk,13862,B075CE198,19.059506456000015,19.094945394462126,19.094945394462126,0.03543893846211077,0.18593838483658143,0.18593838483658143,19.120475857269287,0.3198897170292536,False,0.5146726862302483,75.56519547649214,1,1
n-gk,13863,T036EA198,34.212527063999985,34.86895786222427,34.86895786222427,0.6564307982242852,1.918685506616713,1.918685506616713,34.799452409935,1.7155276043686385,False,0.36996098829648894,93.79456127852184,1,1
n-gk,13867,T369OK178,19.251577560000015,19.24891347670549,19.24891347670549,-0.002664083294526165,0.013838259676246523,0.013838259676246523,19.253073145712506,0.007768639779404118,False,0.4461028192371476,79.31717609450827,1,1
n-gk,13868,B075CE198,13.700769128000028,13.729703744198723,13.729703744198723,0.028934616198695196,0.21118972174754003,0.21118972174754003,13.517306453979494,1.3390684297102329,False,0.7730627306273062,80.08499768640667,1,1
n-gk,13876,T369OK178,19.357460323999984,19.491424694545664,19.491424694545664,0.1339643705456801,0.6920555088499203,0.6920555088499203,19.62255804322841,1.3694860523606467,False,0.43391066545123064,82.80612159399492,1,1
n-gk,13877,B075CE198,19.581291684000018,19.561539084853994,19.561539084853994,-0.019752599146023897,0.10087485271548235,0.10087485271548235,19.698433925399783,0.5982355162784447,False,0.46919014084507044,77.68867422548094,1,1
n-gk,13879,A763TH147,18.71754563200001,18.79598299214232,18.79598299214232,0.07843736014230984,0.41905793464829255,0.41905793464829255,18.999292043949183,1.5052529722032082,False,0.5783664459161147,62.27832329534872,1,1
n-gk,13882,C427TK178,15.968555148000007,15.899654428862545,15.899654428862545,-0.06890071913746176,0.43147747870032616,0.43147747870032616,15.969741089003682,0.007426727043768899,False,0.5351201478743068,74.90373987698763,1,1
n-gk,13883,B075CE198,14.060658956000024,14.02423884242995,14.02423884242995,-0.03642011357007391,0.2590213850150458,0.2590213850150458,13.936539849746705,0.8827403227809283,False,0.7492163009404389,77.36378676081578,1,1
n-gk,13885,B137HA198,26.07123876000006,26.150243700433492,26.150243700433492,0.07900494043343187,0.30303485446439016,0.30303485446439016,26.202815647544863,0.5046821470818363,False,0.6331621423330888,95.18061589792086,1,1
n-gk,13888,B082AE147,17.5017188,17.51138632907899,17.51138632907899,0.009667529078992487,0.05523759802947836,0.05523759802947836,17.614476748710338,0.6442678573394645,False,0.5297157622739018,75.14681231223318,1,1
n-gk,13889,T369OK178,18.56393472799999,18.503667957865893,18.503667957865893,-0.06026677013409554,0.3246443764058027,0.3246443764058027,18.368564587719728,1.0524177290150871,False,0.4877250409165303,73.76075295661296,1,1
n-gk,13895,A763TH147,18.92896837599996,19.07367031427405,19.07367031427405,0.14470193827408906,0.764447039055538,0.764447039055538,19.20880729248047,1.4783632732743968,False,0.49283667621776506,63.29473778307817,1,1
n-gk,13896,T324TB198,27.542271743999994,27.45207195444604,27.45207195444604,-0.09019978955395302,0.32749582311997205,0.32749582311997205,27.2492683237381,1.0638317092551475,False,0.4743049705139006,87.21652736595969,1,1
n-gk,13897,K404CB147,16.759268431999867,16.735771154205597,16.735771154205597,-0.023497277794270133,0.1402046747422725,0.1402046747422725,16.900821109588623,0.8446232492969497,False,0.5590800951625694,72.47547711776548,1,1
n-gk,13898,P797TK178,26.777179944000025,26.688335730915036,26.688335730915036,-0.08884421308498958,0.33179077584268857,0.33179077584268857,26.931783208007815,0.5773694777833738,False,0.45970836531082115,88.32743298231001,1,1
n-gk,13899,O312OH198,31.164747480000024,31.762122220603747,31.762122220603747,0.5973747406037226,1.9168284324687201,1.9168284324687201,31.50263398377318,1.0841945823241383,False,0.38843537414965984,86.66511585324076,0,1
n-gk,13900,C435CE198,31.440007536000024,31.783961925461753,31.783961925461753,0.34395438946172874,1.0940022487840873,1.0940022487840873,30.78637862111664,2.0789718772648347,False,0.4418604651162791,92.7647290071175,1,1
n-gk,13901,T036EA198,33.74130460800003,33.90448612186801,33.90448612186801,0.16318151386798263,0.48362538367674457,0.48362538367674457,34.65868424853516,2.7188623889712327,False,0.38304455445544555,86.76270951041234,1,1
n-gk,13902,B431TY178,28.344667799999968,28.31695724223289,28.31695724223289,-0.027710557767079536,0.09776285953536634,0.09776285953536634,28.253133212730834,0.3229340626427546,False,0.5271059216013344,90.89576457517217,1,1
n-gk,13903,A875CK178,28.28168280000003,28.341331521542585,28.341331521542585,0.05964872154255474,0.21090937892336292,0.21090937892336292,28.318637972452827,0.13066822336609274,False,0.5124099279423538,90.56764450425183,1,1
n-gk,13904,K404CB147,16.795094715999923,16.83154349280684,16.83154349280684,0.03644877680691749,0.21702037066926305,0.21702037066926305,16.93186544558716,0.8143492603048141,False,0.611243072050673,72.56338598001102,1,1
n-gk,13905,M554EK198,29.63832768000002,29.6035064716113,29.6035064716113,-0.03482120838872049,0.1174870888961066,0.1174870888961066,29.38533924256897,0.853585398483081,False,0.47583333333333333,94.29102400921454,1,1
n-gk,13906,A763TH147,16.306035471999937,16.20237551765737,16.20237551765737,-0.10365995434256803,0.6357152510833686,0.6357152510833686,16.19506330609131,0.6805588403090645,False,0.6171875,76.71331651025649,1,1
n-gk,13907,K404CB147,18.20659270799982,18.0915140505649,18.0915140505649,-0.11507865743492118,0.6320713561322022,0.6320713561322022,18.227188743530274,0.11312405270318404,False,0.49033816425120774,72.82843339224462,1,1
n-gk,13908,A763TH147,17.073817659999932,16.88444582015592,16.88444582015592,-0.18937183984401074,1.1091358922478478,1.1091358922478478,17.03822552380371,0.20846032741468346,False,0.5934163701067615,75.42902256462779,1,1
n-gk,13909,O312OH198,32.22838756799998,32.21935313535008,32.21935313535008,-0.009034432649897894,0.02803253073345724,0.02803253073345724,31.459859583549502,2.384630577092728,False,0.3955808980755524,94.29320487138291,1,1
n-gk,13910,O286OH198,30.112598712000025,28.762994880534226,28.762994880534226,-1.3496038314657994,4.481857724647242,4.481857724647242,26.591243888671876,11.693958588585286,False,0.23569277108433734,91.58559906970167,0,1
n-gk,13911,X083BX198,32.778175319999995,32.36879280609022,32.36879280609022,-0.409382513909776,1.2489484540037399,1.2489484540037399,32.25616597251571,1.5925515755166986,False,0.5096870342771982,86.94676850598853,1,1
n-gk,13912,P043BM198,29.397646439999978,29.27400784618726,29.27400784618726,-0.1236385938127178,0.4205731029014892,0.4205731029014892,28.80253293962362,2.024357635537155,False,0.5238095238095238,93.8533668145477,1,1
n-gk,13914,O175YH178,28.246292472000015,28.17300350841119,28.17300350841119,-0.0732889635888263,0.2594640116449831,0.2594640116449831,28.042275403976443,0.7222791034462661,False,0.5148356054530874,92.47639595688885,1,1
n-gk,13915,H692TB198,29.278503096000016,28.93597967385426,28.93597967385426,-0.3425234221457565,1.1698802395145425,1.1698802395145425,28.86538287689209,1.411001845802573,False,0.47619047619047616,87.86197298428559,1,1
n-gk,13965,T600TH178,25.990884383999905,26.3509160711273,26.3509160711273,0.3600316871273961,1.3852229181898545,1.3852229181898545,30.080042464879394,15.733047096299613,False,0.3570057581573896,91.0233570067207,1,1
n-gk,13966,X365TA178,16.063283836000007,16.029264964679676,16.029264964679676,-0.0340188713203311,0.21178030387590807,0.21178030387590807,16.341312285065396,1.7308319513242187,False,0.49849548645937813,63.9955088891292,1,1
n-gk,13969,O312OH198,32.355012408,32.24679854048842,32.24679854048842,-0.10821386751158002,0.33445781490358817,0.33445781490358817,31.394722478622437,2.967978862960119,False,0.39057507987220447,92.54552732848096,1,1
n-gk,13970,O286OH198,30.00261048,29.845081700343204,29.845081700343204,-0.157528779656797,0.5250502444172578,0.5250502444172578,29.01869504489136,3.2794327539082957,False,0.3530751708428246,79.69279916042049,1,1
n-gk,13971,H815XE198,20.28267677600001,20.612383756483347,20.612383756483347,0.329706980483337,1.6255595063935147,1.6255595063935147,20.805445165649417,2.577413205479795,False,0.4915572232645403,62.90153255979364,1,1
n-gk,13972,A763TH147,17.502207431999917,17.561717111177725,17.561717111177725,0.059509679177807584,0.34001242077044136,0.34001242077044136,17.653943828648114,0.8669557667952965,False,0.5318138651471985,65.21811981695657,1,1
n-gk,13973,T324TB198,28.709152152,28.665438487711118,28.665438487711118,-0.04371366428888379,0.15226386365380096,0.15226386365380096,28.40865061102295,1.0467099111323597,False,0.3588640275387263,83.94454537870403,1,1
n-gk,13974,X702KH198,29.73763692,29.426651807483545,29.426651807483545,-0.31098511251645533,1.045762692419261,1.045762692419261,29.11453035754395,2.0953465943925886,False,0.4828393135725429,95.14233874764301,1,1
n-gk,13975,C757TH198,29.31084117600012,29.53160928969494,29.53160928969494,0.2207681136948203,0.753196103684628,0.753196103684628,30.401854577819826,3.722217985040399,False,0.48365384615384616,73.52329009182525,1,1
n-gk,13976,P797TK178,25.18587106000001,24.975896104084136,24.975896104084136,-0.20997495591587523,0.8337013852554698,0.8337013852554698,24.81419559841919,1.4757300261538875,False,0.5107033639143731,90.98542453204965,1,1
n-gk,13977,M554EK198,30.310499520000025,30.212986174243298,30.212986174243298,-0.09751334575672743,0.3217147434089074,0.3217147434089074,30.136986058227542,0.5724533231726947,False,0.45371078806426934,78.91971177129064,1,1
n-gk,13980,E261CP147,25.77266762399997,25.555879082291042,25.555879082291042,-0.21678854170892592,0.8411567823388588,0.8411567823388588,25.491634860992434,1.0904294701175266,False,0.3809897879025923,67.18676370143687,1,1
n-gk,13981,A281MC778,29.503899840000035,29.612032485517886,29.612032485517886,0.10813264551785196,0.3665028898018896,0.3665028898018896,30.09042843612671,1.9879697236888205,False,0.5464231354642314,80.47905588051009,1,1
n-gk,13982,M128BT53,29.40732991200005,29.688934912130406,29.688934912130406,0.28160500013035517,0.9576013904460057,0.9576013904460057,29.163329183464054,0.829727585830331,False,0.44585448392554994,74.28937713535063,1,1
n-gk,13984,X365TA178,15.820330319999975,15.704142137035616,15.704142137035616,-0.1161881829643594,0.7344232428413644,0.7344232428413644,15.91636128881836,0.6070098845975647,False,0.5066258919469928,67.18537199041526,1,1
n-gk,13986,K767BK147,29.814076536000005,29.644854851596968,29.644854851596968,-0.16922168440303764,0.5675898906300381,0.5675898906300381,29.12412427095795,2.3141829135943537,False,0.3538338658146965,95.92124532557901,1,1
n-gk,13990,K602XK198,29.60764036800001,29.53716400150483,29.53716400150483,-0.07047636649517841,0.23803439118825764,0.23803439118825764,29.334091909678847,0.9239117164392963,False,0.500763358778626,89.05508067125255,1,1
n-gk,13991,H255HT198,29.992471679999955,29.855566011748707,29.855566011748707,-0.1369056682512486,0.45646677510257083,0.45646677510257083,30.011352354972843,0.06295138051419791,False,0.46087636932707354,87.39153789215531,1,1
n-gk,13994,H980TP198,27.764845127999987,28.445842198253565,28.445842198253565,0.6809970702535786,2.4527313842885867,2.4527313842885867,29.25882992367554,5.380850455992325,False,0.4421235857267189,75.48921141294,1,1
n-gk,13996,X365TA178,16.22984060399997,16.204141305478764,16.204141305478764,-0.025699298521207226,0.15834596992205796,0.15834596992205796,16.55349361468506,1.9941847771771881,False,0.49951314508276534,53.325457483589624,1,1
n-gk,14000,C757TH198,29.57741246400019,29.24404618547996,29.24404618547996,-0.3333662785202307,1.1270975070114209,1.1270975070114209,29.96269587638855,1.3026271749001284,False,0.47611064543168485,80.9044539555573,1,1
n-gk,14001,A451HK778,37.94001302400001,37.184339057870496,37.184339057870496,-0.755673966129514,1.9917599017467147,1.9917599017467147,34.01748359616852,10.338766687692457,False,0.35627177700348434,81.37073601475882,0,1
n-gk,14005,O312OH198,32.75507436,32.37437441228758,32.37437441228758,-0.3806999477124222,1.1622625048207103,1.1622625048207103,32.1464070184021,1.8582383141868108,False,0.3938953488372093,86.07502683630943,1,1
n-gk,14006,O286OH198,29.432235455999994,29.670002897098083,29.670002897098083,0.23776744109808945,0.8078470337516297,0.8078470337516297,29.341263919303895,0.309088097749477,False,0.4056603773584906,84.55149482842026,1,1
n-gk,14008,E261CP147,25.380817511999993,25.260833216495282,25.260833216495282,-0.11998429550471101,0.47273613408229664,0.47273613408229664,25.001619754749523,1.4940328737290898,False,0.44609375,80.64884068143078,1,1
n-gk,14010,Y417XK797,31.858736711999995,32.129746917889086,32.129746917889086,0.2710102058890911,0.8506621224155797,0.8506621224155797,32.17396226412964,0.9894477454622796,False,0.5291445874337622,87.39161576420939,1,1
n-gk,14011,B645HM198,18.859605292000023,18.72254692236529,18.72254692236529,-0.13705836963473317,0.7267297884164692,0.7267297884164692,18.678498872075632,0.9602874350780444,False,0.5280498664292075,75.3394484573902,1,1
n-gk,14013,T324TB198,29.714892959999982,29.519815943957628,29.519815943957628,-0.1950770160423545,0.6564957723554699,0.6564957723554699,26.885338123135153,9.52234571624999,False,0.31137724550898205,99.24869660428438,0,1
n-gk,14014,E778PT147,27.81467783999998,27.72384656630502,27.72384656630502,-0.09083127369495969,0.32655878388185844,0.32655878388185844,26.461811252746585,4.863858553514689,False,0.6260162601626016,83.80536610424706,1,1
n-gk,14015,X365TA178,15.911769188000006,15.971458395872567,15.971458395872567,0.0596892078725606,0.3751261545295481,0.3751261545295481,16.07205506918335,1.0073416682302216,False,0.5487179487179488,63.61852573482872,1,1
n-gk,14016,M600TM198,19.611375511999988,19.48266258913435,19.48266258913435,-0.1287129228656383,0.6563176702566342,0.6563176702566342,19.53434071485901,0.39280670085503067,False,0.5142207053469852,64.95229168786011,1,1
n-gk,14019,H980TP198,28.507871064000053,28.077255930492278,28.077255930492278,-0.430615133507775,1.510513122993451,1.510513122993451,28.69551848968506,0.6582302314463995,False,0.4967532467532468,88.7701464570938,1,1
n-gk,14020,H980TP198,28.385171592000056,28.55737863956393,28.55737863956393,0.17220704756387306,0.6066796073637581,0.6066796073637581,29.28164854371429,3.1582579968158164,False,0.48696461824953446,88.07126990221332,1,1
n-gk,14021,H692TB198,29.11138303200004,28.982140787491605,28.982140787491605,-0.12924224450843624,0.44395776169882106,0.44395776169882106,28.970293282470706,0.4846549178863957,False,0.5174326465927099,89.41303414349979,1,1
n-gk,14022,C757TH198,29.441299992000175,29.204540309683523,29.204540309683523,-0.23675968231665223,0.8041753671916174,0.8041753671916174,29.680988623722016,0.8141238049507615,False,0.41506276150627613,87.80823024407371,1,1
n-gk,14026,M600TM198,20.544361048000017,20.031750414478463,20.031750414478463,-0.5126106335215539,2.495140307960353,2.495140307960353,19.615983418212892,4.518892690885135,False,0.4206963249516441,69.74244083461828,1,1
n-gk,14027,M563XM198,29.651759856000083,29.707971007718275,29.707971007718275,0.05621115171819113,0.18957104735493058,0.18957104735493058,30.244576239097597,1.9992620538425099,False,0.5355832721936904,78.80020231131188,1,1
n-gk,14028,K695TP147,18.876173048000016,19.019047135700653,19.019047135700653,0.14287408770063692,0.7569017688983992,0.7569017688983992,19.26634723887355,2.067019569493045,False,0.5164938737040528,81.48942622217417,1,1
n-gk,14029,P371KB178,27.536464272000025,27.7048503988447,27.7048503988447,0.1683861268446769,0.6115023525946839,0.6115023525946839,28.149526004150392,2.2263632908519293,False,0.6020042949176807,86.40691392480997,1,1
n-gk,14030,X141AC178,26.38105560000003,26.409617345745776,26.409617345745776,0.028561745745747658,0.10826612163976623,0.10826612163976623,26.9951521749115,2.327793793480626,False,0.6222723852520692,86.3094954101417,1,1
n-gk,14031,C427TK178,15.820109488000002,15.693342761144214,15.693342761144214,-0.12676672685578794,0.8013011980223306,0.8013011980223306,15.82759992617798,0.04734757482973695,False,0.5775941230486685,75.37109111596274,1,1
n-gk,14032,K767BK147,29.609116104,29.65411302473979,29.65411302473979,0.04499692073978778,0.15196982098939493,0.15196982098939493,29.864256460850434,0.8616952831495217,False,0.3708999158957107,106.85846354626196,0,1
n-gk,14033,H571AH198,16.198655911999996,16.15527890970642,16.15527890970642,-0.04337700229357466,0.26778149081765346,0.26778149081765346,16.291135032577515,0.5709061361628853,False,0.5338427947598253,62.54923191351815,1,1
n-gk,14038,K404CB147,17.37428349199986,17.33553505784516,17.33553505784516,-0.03874843415470153,0.22302176761731518,0.22302176761731518,17.484282155181887,0.633111939451636,False,0.533161068044789,53.2805243435594,1,1
n-gk,14040,C757TH198,29.239210248000163,28.930609242574107,28.930609242574107,-0.3086010054260555,1.0554355018776995,1.0554355018776995,29.619408188737793,1.3003016754313146,False,0.45231607629427795,78.8432663413146,1,1
n-gk,14045,P868MO198,27.698788703999995,27.624729001498903,27.624729001498903,-0.07405970250109206,0.26737523901323446,0.26737523901323446,27.664676748413086,0.12315323948437484,False,0.5334821428571429,89.85269797310795,1,1
n-gk,14046,X411HA198,29.225510832000147,29.51166341922946,29.51166341922946,0.2861525872293136,0.9791191978618663,0.9791191978618663,30.370314852905274,3.917139472722697,False,0.4960173787110789,85.44836210199442,1,1
n-gk,14048,M600TM198,19.08769343599998,19.4618329811488,19.4618329811488,0.3741395451488181,1.9601087287119734,1.9601087287119734,19.484052880050662,2.0765182832575,False,0.41874258600237246,72.60881717489823,1,1
n-gk,14049,C427TK178,16.504958135999996,16.411682713169785,16.411682713169785,-0.09327542283021018,0.565135773515002,0.565135773515002,16.600346079345705,0.5779350820505957,False,0.5257452574525745,57.76688683474063,1,1
n-gk,14050,B285OE178,27.081916775999936,26.96230983497326,26.96230983497326,-0.11960694102667446,0.44164872824906665,0.44164872824906665,27.121128114990235,0.14478790151606358,False,0.6429080541696365,93.08973274608849,1,1
n-gk,14052,A763TH147,17.69591953199993,17.768174306030215,17.768174306030215,0.07225477403028435,0.4083131927652861,0.4083131927652861,17.81637372427368,0.6806890823386258,False,0.5679347826086957,58.966855042161754,1,1
n-gk,14054,H980TP198,28.65218188800007,28.626810795941577,28.626810795941577,-0.025371092058492195,0.08854855158210162,0.08854855158210162,29.518915921875003,3.0250193066027276,False,0.46275197195442597,67.09012185230114,1,1
n-gk,14055,B636CH178,27.367304615999952,27.578991336990022,27.578991336990022,0.2116867209900697,0.7735022646925493,0.7735022646925493,27.525450403083802,0.5778639486162307,False,0.6028528528528528,88.32673640969675,1,1
n-gk,14061,K404CB147,18.343044223999826,18.349688597123254,18.349688597123254,0.006644373123428693,0.03622284852116131,0.03622284852116131,18.448084793518067,0.572645239446179,False,0.5088709677419355,59.93458584541812,1,1
n-gk,14063,T324TB198,26.841980951999975,26.766573457257497,26.766573457257497,-0.07540749474247832,0.2809311834224393,0.2809311834224393,26.867386413391117,0.09464823567446601,False,0.5626003210272873,88.37789296191156,1,1
n-gk,14065,P797TK178,25.58300404000002,25.754355301159894,25.754355301159894,0.17135126115987376,0.6697855376638362,0.6697855376638362,25.597444708740237,0.05644633725436776,False,0.5546995377503852,92.82673464659355,1,1
n-gk,14067,M600TM198,22.14183254400004,22.059865381641874,22.059865381641874,-0.08196716235816481,0.37019141119092325,0.37019141119092325,21.89553430872345,1.112366082559546,False,0.4293193717277487,67.21130162656341,1,1
n-gk,14072,A281MC778,29.937755616000004,30.087750486284754,30.087750486284754,0.14999487028475045,0.5010224286973175,0.5010224286973175,30.587294953125003,2.1696327054585796,False,0.5171730515191546,78.91734057664334,1,1
n-gk,14073,H980TP198,28.66903310400006,28.86410964671488,28.86410964671488,0.1950765427148191,0.6804433969124668,0.6804433969124668,29.626849322560744,3.340943571714128,False,0.5501113585746102,63.924374246467956,1,1
n-gk,14074,P413OX178,18.470746508000005,18.438514963189878,18.438514963189878,-0.03223154481012713,0.17450049891685193,0.17450049891685193,18.525938820460222,0.29880932227785983,False,0.5984251968503937,53.47398965674885,1,1
n-gk,14075,C757TH198,29.48606616000018,29.402442538045314,29.402442538045314,-0.08362362195486739,0.2836038605526392,0.2836038605526392,29.767468724383882,0.954357773114678,False,0.5326902465166131,88.85903354672779,1,1
n-gk,14079,T032OT198,27.173522975999973,27.314194478946224,27.314194478946224,0.14067150294625108,0.517678561850432,0.517678561850432,27.775345985857644,2.214740467731069,False,0.6136690647482015,85.26991429766953,1,1
n-gk,14080,T075OT198,26.55638992799997,26.587684945686895,26.587684945686895,0.031295017686925775,0.11784364430471594,0.11784364430471594,26.681698452941895,0.4718582807439642,False,0.6227272727272727,82.14075291274969,1,1
n-gk,14084,M563XM198,29.189685984000143,29.165601350625856,29.165601350625856,-0.024084633374286568,0.08251076557482806,0.08251076557482806,29.736806365722657,1.8743619990376326,False,0.5645756457564576,84.78844401413953,1,1
n-gk,14086,K728XC147,19.071735027999996,19.273720465426134,19.273720465426134,0.2019854374261385,1.0590826536211573,1.0590826536211573,19.578911300354005,2.6593085086878743,False,0.6065259117082533,56.39843102026736,1,1
n-gk,14090,K767BK147,29.814524928,29.748767840790997,29.748767840790997,-0.06575708720900408,0.2205538654994621,0.2205538654994621,29.658650153823853,0.5228148848676062,False,0.3782569631626235,105.84022938991933,0,1
n-gk,14092,B681EO178,20.694024992,20.73619164787656,20.73619164787656,0.0421666558765601,0.2037624671510807,0.2037624671510807,20.93051818927002,1.1428090831119064,False,0.4521819870009285,63.595120996568035,1,1
n-gk,14100,K340CH147,17.841718503999935,17.977875290229367,17.977875290229367,0.1361567862294315,0.7631371731310788,0.7631371731310788,18.01097214093018,0.9486397674769886,False,0.5364431486880467,65.14276746418453,1,1
n-gk,14107,H980TP198,28.633420008000066,28.96384207680459,28.96384207680459,0.3304220688045234,1.1539734642672883,1.1539734642672883,29.90770621840668,4.450345819851709,False,0.4491854150504267,75.51603208677928,1,1
n-gk,14108,A961CC797,33.33596599200003,33.63268359222195,33.63268359222195,0.2967176002219247,0.8900825021633807,0.8900825021633807,33.84856066257477,1.5376625675036726,False,0.46897663174858983,90.92760799668352,1,1
n-gk,14110,A959TY797,35.128744919999995,35.100777823012386,35.100777823012386,-0.027967096987609352,0.07961314032510769,0.07961314032510769,34.90015120516233,0.6507312326650139,False,0.3105058365758755,91.95050744675633,1,1
n-gk,14114,C757TH198,28.81208239200019,28.84517757828966,28.84517757828966,0.03309518628947217,0.11486565198308707,0.11486565198308707,29.78014329188375,3.359912993141889,False,0.4334763948497854,85.95106314142899,1,1
n-gk,14117,X365TA178,16.162036115999967,16.190474526002234,16.190474526002234,0.028438410002266323,0.1759580896748103,0.1759580896748103,16.60281448136902,2.727245269132239,False,0.3507157464212679,67.50145661884709,1,1
n-gk,14119,M563XM198,29.38281400800012,29.45018516468695,29.45018516468695,0.06737115668682847,0.22928762598601882,0.22928762598601882,29.956547653828128,1.9526164024718407,False,0.543031226199543,80.71203061711905,1,1
n-gk,14120,A763TH147,17.088821051999897,17.172021571063496,17.172021571063496,0.08320051906359893,0.48687102995828013,0.48687102995828013,17.289925957878115,1.176821415978746,False,0.5509666080843585,59.81560093359122,1,1
n-gk,14130,H692TB198,28.349346336000004,28.68672684653172,28.68672684653172,0.337380510531716,1.190082150512528,1.190082150512528,28.892204917225115,1.9148892351558366,False,0.5561538461538461,89.77408548110331,1,1
n-gk,14133,A281MC778,29.88466543199998,29.92027320337906,29.92027320337906,0.03560777137908033,0.11915064419945054,0.11915064419945054,30.56913847114563,2.2903821383013723,False,0.5388927820602663,80.19945873227879,1,1
n-gk,14134,X365TA178,16.281942947999973,16.254511098778845,16.254511098778845,-0.02743184922112718,0.16848019495423472,0.16848019495423472,16.57809331690979,1.8188883836262049,False,0.5024015369836695,50.55602179093436,1,1
n-gk,14135,H980TP198,28.66315668000008,28.6036036408508,28.6036036408508,-0.059553039149278675,0.20776859930027314,0.20776859930027314,29.310765772894623,2.2593781282520764,False,0.4722222222222222,74.35129674410386,1,1
n-gk,14136,T324TB198,28.682035247999988,28.93589016320659,28.93589016320659,0.2538549152066025,0.8850659062777044,0.8850659062777044,28.603249811210635,0.2746856563982769,False,0.22640117994100295,88.93916560317149,0,1
n-gk,14137,C757TH198,29.437285680000205,29.182211310817298,29.182211310817298,-0.25507436918290693,0.8665009809522117,0.8665009809522117,29.945708088684086,1.7271375296306735,False,0.4624796084828711,86.01494791176975,1,1
n-gk,14138,P797TK178,26.19496639199999,26.255549261029383,26.255549261029383,0.06058286902939258,0.23127675799536895,0.23127675799536895,26.168553264060975,0.10083283766717521,False,0.46804979253112033,79.9084293415155,1,1
n-gk,14149,M084EY197,35.0113592400001,34.983860500459336,34.983860500459336,-0.027498739540760653,0.07854233636649388,0.07854233636649388,36.194367569017295,3.378927167345225,False,0.22183828610919143,75.27606551180641,0,1
n-gk,14167,C427TK178,16.385854704,16.340646939068893,16.340646939068893,-0.04520776493110645,0.27589506771392713,0.27589506771392713,16.447697866859436,0.37741798628507794,False,0.5362976406533575,74.90260448316798,1,1
n-gk,14170,T055XB198,31.02568435200009,31.224328399120118,31.224328399120118,0.1986440471200268,0.6402567784365987,0.6402567784365987,31.91587970718384,2.8692206917471763,False,0.49810174639331817,89.63933105592773,1,1
n-gk,14176,K340CH147,17.406412899999953,17.44856855119524,17.44856855119524,0.04215565119528719,0.24218459850098295,0.24218459850098295,17.46944010887146,0.362091886671867,False,0.5485611510791367,63.619673927881195,1,1
n-gk,14180,M844OC198,30.29641087200004,30.230977693227732,30.230977693227732,-0.06543317877230592,0.21597666815635908,0.21597666815635908,29.050376061126713,4.112813283849781,False,0.46326372776488783,91.18664377538667,1,1
n-gk,14181,Y461OP198,29.36618841600002,29.264318633791998,29.264318633791998,-0.10186978220802345,0.3468948055666665,0.3468948055666665,28.7802361940918,1.9953295048293351,False,0.48361252731245447,92.59381905653908,1,1
n-gk,14184,Y734BH198,26.92447120800004,26.909961942944054,26.909961942944054,-0.0145092650559846,0.053888765145637674,0.053888765145637674,26.3664050625,2.0727097709321796,False,0.5025728987993139,86.52931695712783,1,1
n-gk,14185,T203ME198,28.13277993600013,28.188369222321164,28.188369222321164,0.05558928632103388,0.19759613677530208,0.19759613677530208,28.87216200906372,2.6281870286037456,False,0.4811320754716981,87.54471923381122,1,1
n-gk,14188,K404CB147,16.844752663999852,16.927664476988067,16.927664476988067,0.0829118129882147,0.4922115191718479,0.4922115191718479,16.994466142822265,0.8887840730506857,False,0.5745393634840871,58.823641892757145,1,1
n-gk,14191,C003PO198,26.017386839999993,25.600927956698087,25.600927956698087,-0.4164588833019067,1.6006945119547145,1.6006945119547145,25.40528977635956,2.352646203112818,False,0.6246268656716418,85.10097404743485,1,1
n-gk,14192,A763TH147,17.338766619999934,17.455879321390366,17.455879321390366,0.1171127013904325,0.6754384781634037,0.6754384781634037,17.606929220947265,1.546607130855615,False,0.5636070853462157,71.6396905360239,1,1
n-gk,14196,T393PX198,32.79953004000005,32.3397769628599,32.3397769628599,-0.45975307714014946,1.4017062945092973,1.4017062945092973,32.986518556640625,0.5700951093279061,False,0.4829674489023467,82.53402392240015,1,1
n-gk,14197,T171AM198,31.26319747200004,31.698265398369422,31.698265398369422,0.4350679263693813,1.3916296525940286,1.3916296525940286,32.42158965609945,3.705290174291642,False,0.4907120743034056,90.22830890439009,1,1
n-gk,14198,T045PX198,30.191213784000105,30.114550999400088,30.114550999400088,-0.07666278460001763,0.25392415538008084,0.25392415538008084,30.69739517692566,1.6765851036893542,False,0.522744220730798,84.62637644658751,1,1
n-gk,14199,B645HM198,19.727367932000003,19.594836445589173,19.594836445589173,-0.13253148641083,0.6718153524974291,0.6718153524974291,19.691546038879395,0.1815847569938689,False,0.48864864864864865,73.03858888447087,1,1
n-gk,14200,H070AP198,24.138098615999944,24.1552831787772,24.1552831787772,0.017184562777256218,0.0711926943817609,0.0711926943817609,24.713876979629518,2.3853509457779642,False,0.44271685761047463,72.08410776869108,1,1
n-gk,14201,K558CC198,27.397044552000057,27.57975727597852,27.57975727597852,0.1827127239784616,0.6669066936459966,0.6669066936459966,27.798314480163576,1.464646770208744,False,0.5039787798408488,92.14942957033736,1,1
n-gk,14202,T203ME198,27.961231440000116,27.941539438059316,27.941539438059316,-0.019692001940800452,0.07042608972017694,0.07042608972017694,28.46443574658966,1.7996500178088848,False,0.5519169329073482,91.7375488094025,1,1
n-gk,14203,Y734BH198,27.103202952000025,27.351845566468054,27.351845566468054,0.2486426144680287,0.9173919957297105,0.9173919957297105,26.948500312500002,0.5707909864896887,False,0.47845206684256814,88.23684846015203,1,1
n-gk,14204,M844OC198,25.13422191599997,25.049401578140106,25.049401578140106,-0.08482033785986332,0.3374695192210009,0.3374695192210009,24.883592371078493,0.9971645263541329,False,0.6364359586316627,87.95567181743398,1,1
n-gk,14205,X700MH198,25.553278240000008,25.440232453142883,25.440232453142883,-0.11304578685712485,0.4423925016406205,0.4423925016406205,25.294839357410417,1.0113727098429282,False,0.6044835868694955,93.87904972466048,1,1
n-gk,14206,Y461OP198,28.560167687999996,28.87257545979814,28.87257545979814,0.31240777179814216,1.0938583246813627,1.0938583246813627,28.351048434173585,0.7322059734063746,False,0.5427536231884058,91.03532281587786,1,1
n-gk,14208,P868MO198,25.430630784000044,25.520295579048728,25.520295579048728,0.08966479504868374,0.35258580807635553,0.35258580807635553,25.37336631994629,0.22517909421965188,False,0.5600873998543335,93.73892682729232,1,1
n-gk,14209,T695BY198,33.80534265600005,33.91944796503723,33.91944796503723,0.11410530903717842,0.337536318440268,0.337536318440268,34.722844079056806,2.7140722470798906,False,0.43670886075949367,93.33474628977909,1,1
n-gk,14210,Y734BH198,27.201093984000032,27.1687201203246,27.1687201203246,-0.03237386367543138,0.11901677077573725,0.11901677077573725,27.247291561706543,0.16983720483332299,False,0.5404120443740095,85.14440759361116,1,1
n-gk,14211,T171AM198,30.862523112000073,30.595158667652278,30.595158667652278,-0.2673644443477947,0.8663077978995126,0.8663077978995126,31.345738140673454,1.5657016340491436,False,0.49845440494590415,86.78049642106801,1,1
n-gk,14212,Y461OP198,28.04564378400003,27.858304378347206,27.858304378347206,-0.1873394056528248,0.6679804075658269,0.6679804075658269,27.64593858794345,1.4251952964068226,False,0.6089790007241129,90.8338766244088,1,1
n-gk,14213,X700MH198,28.843498799999953,28.766145054714546,28.766145054714546,-0.07735374528540717,0.26818433443798195,0.26818433443798195,28.423321702239992,1.456748020319787,False,0.4669260700389105,93.97129420911726,1,1
n-gk,14214,M844OC198,28.518256296000015,28.578214381365182,28.578214381365182,0.059958085365167335,0.21024457015479392,0.21024457015479392,28.714883242675782,0.6894774513382274,False,0.4977409638554217,89.43612246751441,1,1
n-gk,14215,A585ET147,19.703114316000008,19.62085017488408,19.62085017488408,-0.08226414111592817,0.4175184683830713,0.4175184683830713,19.730222256225588,0.13758200754876437,False,0.439873417721519,65.3684882236493,1,1
n-gk,14216,A750MA147,19.57917112,19.58438239987293,19.58438239987293,0.005211279872927577,0.026616447861793624,0.026616447861793624,19.891600577613833,1.5957236171999511,False,0.5563380281690141,64.76083110975506,1,1
n-gk,14217,K720XC147,18.68422678000015,18.644554795074566,18.644554795074566,-0.039671984925583104,0.21232874869645535,0.21232874869645535,19.094842512817383,2.197659756821002,False,0.4747557003257329,59.98454470666098,1,1
n-gk,14218,A213HA147,19.528623252000024,19.52621991488766,19.52621991488766,-0.0024033371123657332,0.012306741142742439,0.012306741142742439,19.573421200927736,0.22939634990972735,False,0.40329218106995884,75.3582475043498,1,1
n-gk,14219,X365TA178,16.32686907599997,16.309027713497304,16.309027713497304,-0.017841362502664992,0.10927607993679311,0.10927607993679311,16.594892878601076,1.6416117588343715,False,0.47438330170777987,67.71460335959608,1,1
n-gk,14220,C427TK178,16.387931595999998,16.418685066406674,16.418685066406674,0.030753470406676087,0.18765925538877237,0.18765925538877237,16.56584556591797,1.085640179029057,False,0.5045207956600362,61.23473561248419,1,1
n-gk,14221,P875PH198,18.02769901199995,18.072546234693966,18.072546234693966,0.044847222694016864,0.24876842388019682,0.24876842388019682,18.04364619608107,0.08845934287291524,False,0.8012924071082391,51.39581557514257,1,1
n-gk,14222,T343AO178,15.952015407999994,15.952593077336418,15.952593077336418,0.0005776693364243357,0.0036212937465807116,0.0036212937465807116,16.234542981715908,1.7711089570175975,False,0.7942955920484011,54.36344160255933,1,1
n-gk,14223,H340XH198,21.462016476000027,21.593683677300103,21.593683677300103,0.13166720130007548,0.6134894241988542,0.6134894241988542,21.72244309970856,1.2134303596297968,False,0.7327365728900256,52.74612029573246,1,1
n-gk,14224,H172XH198,19.586307784000027,19.617210869156416,19.617210869156416,0.030903085156388954,0.15777902347493544,0.15777902347493544,19.83938102709961,1.2920926490612716,False,0.6530989824236818,76.19442241695792,1,1
n-gk,14225,A961CC797,27.76698957600001,27.79773721596924,27.79773721596924,0.03074763996922769,0.11073451043395188,0.11073451043395188,27.80538231253052,0.138267551206539,False,0.6211031175059952,89.55878713144998,1,1
n-gk,14226,T203ME198,30.372922296000073,30.226295997021953,30.226295997021953,-0.14662629897811996,0.4827533470410539,0.4827533470410539,31.01742818309784,2.121975227858286,False,0.44996347699050404,88.62430342121205,1,1
n-gk,14227,Y600TH178,25.53903581199988,25.483144589688695,25.483144589688695,-0.05589122231118537,0.2188462505891664,0.2188462505891664,26.454729840434993,3.585468281480142,False,0.411968777103209,86.2173526772063,1,1
n-gk,14228,A585ET147,20.19704422399999,20.024187155129805,20.024187155129805,-0.17285706887018293,0.8558532969135113,0.8558532969135113,20.127086484603883,0.3463761262302745,False,0.3207663782447466,66.75344088616654,0,1
n-gk,14229,P875PH198,18.429019148,18.39747965594157,18.39747965594157,-0.03153949205842821,0.17114037271945826,0.17114037271945826,18.302099270507814,0.6886957817609063,False,0.878095238095238,60.14747849492917,1,1
n-gk,14230,M703MB147,20.855640231999995,20.850848254647183,20.850848254647183,-0.004791977352812893,0.022976889222803276,0.022976889222803276,21.007615614227692,0.72870159121039,False,0.7464985994397759,65.02339955207839,1,1
n-gk,14231,X365TA178,15.691420051999982,15.63482267647897,15.63482267647897,-0.05659737552101163,0.3606899524291163,0.3606899524291163,15.902664660392762,1.346242772755657,False,0.5241379310344828,53.04962525364135,1,1
n-gk,14232,C427TK178,16.195925587999984,16.209044655010565,16.209044655010565,0.013119067010581631,0.08100226775740182,0.08100226775740182,16.29608705090332,0.618436176179693,False,0.552007299270073,55.68558440166238,1,1
n-gk,14233,T343AO178,15.696979168000013,15.728121130122041,15.728121130122041,0.031141962122028133,0.198394619682718,0.198394619682718,16.00217284189675,1.944282849778567,False,0.7392638036809815,76.57121101448546,1,1
n-gk,14234,K720XC147,18.604597068000025,18.597911490622987,18.597911490622987,-0.006685577377037788,0.035935082886240366,0.035935082886240366,18.8805742474823,1.4833816527902943,False,0.5636363636363636,68.15491610826295,1,1
n-gk,14235,A213HA147,19.09897646799998,19.01305608509951,19.01305608509951,-0.08592038290046844,0.44986904426227436,0.44986904426227436,19.158977494445804,0.3141583348529542,False,0.4470486111111111,69.03617107358839,1,1
n-gk,14236,A750MA147,20.033783868000025,19.9561731428862,19.9561731428862,-0.07761072511382494,0.38739923334100146,0.38739923334100146,20.33979217254176,1.52746134508579,False,0.4868421052631579,58.209460644504674,1,1
n-gk,14237,H340XH198,20.370946540000077,20.207087980939033,20.207087980939033,-0.16385855906104396,0.8043738111986776,0.8043738111986776,20.37055826197815,0.0019060381959423722,False,0.771513353115727,51.80481513533936,1,1
n-gk,14238,A156TB778,18.644285851999967,18.551156661695202,18.551156661695202,-0.09312919030476507,0.4995052695717761,0.4995052695717761,18.550121281677246,0.5050586065361129,False,0.7213779128672746,74.59614899288536,1,1
n-gk,14239,O312OH198,32.532010151999984,32.590299711273325,32.590299711273325,0.058289559273340785,0.17917601464216837,0.17917601464216837,31.873008183929446,2.0257031919991064,False,0.36597110754414125,79.05168360743873,0,1
n-gk,14240,O749AY198,31.159820471999996,31.262620145585238,31.262620145585238,0.10279967358524189,0.32991099444110716,0.32991099444110716,31.16431105768626,0.014411461998942166,False,0.47483443708609274,88.46213490180207,1,1
n-gk,14241,H172XH198,20.314921132,20.215045546353995,20.215045546353995,-0.09987558564600363,0.4916365906470599,0.4916365906470599,20.2090816352005,0.5209938847991813,False,0.6524184476940382,58.96491974642295,1,1
n-gk,14242,T031MP198,21.311512875999934,21.35194922613321,21.35194922613321,0.04043635013327673,0.18973946321199087,0.18973946321199087,21.295694428001912,0.07422489473206673,False,0.7454764776839565,72.9516940719567,1,1
n-gk,14243,T160PT198,19.26716722800003,19.452958696903252,19.452958696903252,0.18579146890322207,0.9642905296073812,0.9642905296073812,20.012931858509123,3.8706501152141914,False,0.9034416826003824,63.45491039324445,1,1
n-gk,14245,X365TA178,16.427279655999964,16.35805037612155,16.35805037612155,-0.06922927987841376,0.4214287534401895,0.4214287534401895,16.77158908758545,2.095961344760622,False,0.5069565217391304,57.46670446208661,1,1
n-gk,14248,T946XO198,17.75886324400001,17.66795275742564,17.66795275742564,-0.09091048657437284,0.5119161363275171,0.5119161363275171,17.90974684986352,0.849624234335411,False,0.751207729468599,73.11391415187018,1,1
n-gk,14249,K134EH198,18.07997068800005,17.919629042744255,17.919629042744255,-0.16034164525579442,0.8868468208425573,0.8868468208425573,17.690483341186525,2.1542476674037636,False,0.7333333333333333,73.80432303280853,1,1
n-gk,14250,M584MT198,26.7061667280003,26.640703551450617,26.640703551450617,-0.06546317654968448,0.24512382183643489,0.24512382183643489,27.162300765563966,1.7079727023699975,False,0.5236294896030246,88.46079975250174,1,1
n-gk,14252,K019OM147,17.879503848,17.895897225850973,17.895897225850973,0.01639337785097439,0.09168810270319128,0.09168810270319128,17.86779294797516,0.0654990212502371,False,0.7491785323110625,77.34301170819141,1,1
n-gk,14253,M614AM198,15.446085588,15.48819098794437,15.48819098794437,0.04210539994436857,0.27259592538499966,0.27259592538499966,15.533165163757324,0.5637646849825595,False,0.9009009009009009,80.80869066413982,1,1
n-gk,14259,X365TA178,16.429934171999985,16.51157028879335,16.51157028879335,0.08163611679336569,0.49687427800222395,0.49687427800222395,17.029727953170777,3.6506158508715414,False,0.507908611599297,62.65276335209784,1,1
n-gk,14260,K134EH198,17.801550564000028,17.8325156089246,17.8325156089246,0.03096504492457086,0.17394577406752987,0.17394577406752987,17.789832556185818,0.06582577046916338,False,0.7967871485943775,63.36035987818133,1,1
n-gk,14263,T946XO198,17.576272260000046,17.54023559536748,17.54023559536748,-0.03603666463256516,0.2050301912685848,0.2050301912685848,17.643955513732912,0.3850830980065112,False,0.8550185873605948,72.721814628471,1,1
n-gk,14265,K874CA147,19.043854576000037,19.123245999662004,19.123245999662004,0.07939142366196705,0.41688736565979045,0.41688736565979045,19.518703724400233,2.4934508216557294,False,0.47508038585209006,60.244412828134195,1,1
n-gk,14267,K019OM147,15.690837484000038,15.606297740016869,15.606297740016869,-0.08453974398316966,0.5387841411866989,0.5387841411866989,15.59971711107422,0.5807234509868198,False,0.9172056921086675,73.94383584370804,1,1
n-gk,14268,O312OH198,30.27134865600001,30.0715592898621,30.0715592898621,-0.1997893661379102,0.6599949292259599,0.6599949292259599,29.579242692316946,2.2863400357482466,False,0.528055342044581,84.40081060313545,1,1
n-gk,14269,O749AY198,29.346360023999964,28.27189833973501,28.27189833973501,-1.0744616842649535,3.661311601800832,3.661311601800832,27.531404024650644,6.184603466545823,False,0.5661375661375662,91.95349214644857,1,1
n-gk,14270,M614AM198,15.365046423999985,15.367023668441847,15.367023668441847,0.0019772444418624247,0.012868457323844673,0.012868457323844673,15.419022716217041,0.3512927376043917,False,0.8443843031123139,79.63853640035413,1,1
n-gk,14274,T736PC198,27.755220815999987,27.85751326613374,27.85751326613374,0.10229245013375277,0.368552103447084,0.368552103447084,27.867896259075767,0.405961256164189,False,0.6327223353699932,89.69266881562636,1,1
n-gk,14275,T824HH198,26.485191072000003,26.754245555392295,26.754245555392295,0.2690544833922921,1.0158676320698223,1.0158676320698223,26.630415786181263,0.5483242079940664,False,0.6589310829817159,87.19487172382895,1,1
n-gk,14279,T075OT198,29.48949335999996,29.368963525349127,29.368963525349127,-0.12052983465083145,0.4087212797433848,0.4087212797433848,29.541238829429627,0.17547086617586416,False,0.5801952580195258,88.96347129931023,1,1
n-gk,14282,K134EH198,18.289985216000055,18.286878840426077,18.286878840426077,-0.003106375573977971,0.01698402452102732,0.01698402452102732,17.91452399890137,2.052824060077596,False,0.7377777777777778,51.641812055421525,1,1
n-gk,14285,T946XO198,17.730457492000017,17.72701654163276,17.72701654163276,-0.0034409503672563346,0.019407002717264366,0.019407002717264366,18.00149005041504,1.5286269885439463,False,0.8220516399162596,69.90313262259339,1,1
n-gk,14286,M584MT198,27.32297500800021,27.36322638003908,27.36322638003908,0.040251372038870414,0.14731694490472957,0.14731694490472957,27.78774292858887,1.70101506315683,False,0.4888888888888889,86.33545537074205,1,1
n-gk,14290,K019OM147,15.174787296000096,15.170764965475394,15.170764965475394,-0.0040223305247018,0.02650666824016712,0.02650666824016712,15.05252063671875,0.8057223926530632,False,0.7650273224043715,86.29084281358527,1,1
n-gk,14292,M614AM198,15.527274307999976,15.423749578872805,15.423749578872805,-0.10352472912717126,0.6667282813045516,0.6667282813045516,15.508279310943605,0.12233310676159626,False,0.8863636363636364,69.1177425447688,1,1
n-gk,14293,K134EH198,17.933740352000033,17.985187441997017,17.985187441997017,0.051447089996983664,0.28687317306479443,0.28687317306479443,17.989382547729495,0.3102654250442205,False,0.7542134831460674,80.20724737740001,1,1
n-gk,14294,T946XO198,15.216298356000031,15.284277038014153,15.284277038014153,0.06797868201412172,0.4467491397953438,0.4467491397953438,15.462503238312411,1.6180340090091505,False,0.9014844804318488,75.08236655124352,1,1
n-gk,14295,M614AM198,10.744423575999964,10.78934612908427,10.78934612908427,0.044922553084306927,0.41810109929629746,0.41810109929629746,10.75289960131073,0.0788876690388518,False,0.9912280701754386,71.7890961102276,1,1
n-gk,14296,B050CO178,28.596728160000044,29.208926724981197,29.208926724981197,0.6121985649811528,2.140799330454435,2.140799330454435,29.158269160006714,1.9636547120524428,False,0.48284960422163586,83.00525430887818,1,1
n-gk,14297,B857YH198,27.342986183999983,26.958910068595507,26.958910068595507,-0.3840761154044756,1.404660459614393,1.404660459614393,26.302005679916384,3.8071207624452486,False,0.4771386430678466,85.75194358762016,1,1
n-gk,14298,B075CE198,18.785407800000023,18.886958490662202,18.886958490662202,0.10155069066217948,0.5405828382505362,0.5405828382505362,18.935708973023047,0.8000953432750313,False,0.4734432234432234,79.6598443597821,1,1
n-gk,14299,M128BT53,25.89178608000003,25.892057367046043,25.892057367046043,0.00027128704601153686,0.0010477726224644712,0.0010477726224644712,25.937493242431643,0.1765315157880032,False,0.6505376344086021,88.8322700906455,1,1
n-gk,14300,X365TA178,16.08806151599994,16.060214265982868,16.060214265982868,-0.027847250017071445,0.17309263760196814,0.17309263760196814,16.32734397921753,1.4873293651918251,False,0.5092221331194867,68.25966126266134,1,1
n-gk,14301,E112CP147,27.082055903999965,26.99843043120926,26.99843043120926,-0.08362547279070398,0.30878554082872656,0.30878554082872656,26.76677829647827,1.164156844810027,False,0.6215578284815106,85.89285869633814,1,1
dmu,6,TEST1,16.402819216000225,16.39884922661878,16.39884922661878,-0.003969989381445771,0.024203091731778148,0.024203091731778148,16.396486266838075,0.038608906668757825,False,0.5749525616698292,76.8710044094647,1,1
dmu,7,TEST2,16.40497356400033,16.407950617738866,16.407950617738866,0.002977053738536739,0.018147263248691203,0.018147263248691203,16.40236287792206,0.015913991376370618,False,0.5788479697828139,77.89765413102694,1,1
dmu,8,TEST3,16.440288968000207,16.390811715401135,16.390811715401135,-0.049477252599071875,0.30095123446659544,0.30095123446659544,16.390368431762695,0.30364755956953093,False,0.5748106060606061,75.59337602702914,1,1
dmu,9,TEST4,16.39814178000021,16.36535963198547,16.36535963198547,-0.03278214801473922,0.19991379788362185,0.19991379788362185,16.363708205245974,0.20998461420934644,False,0.5866290018832392,75.2871130755783,1,1
dmu,10,TEST5,16.35939153200019,16.422869179822584,16.422869179822584,0.06347764782239551,0.38801961367711524,0.38801961367711524,16.465336072036745,0.6476068491259035,False,0.560303893637227,77.24837756113045,1,1
dmu,11,TEST11,16.34432798800014,16.320513091146683,16.320513091146683,-0.02381489685345528,0.14570740914486846,0.14570740914486846,16.36520995843506,0.12776279606143692,False,0.5650557620817844,73.91838727921416,1,1
dmu,12,TEST12,16.340443652000214,16.31199955925319,16.31199955925319,-0.028444092747022864,0.17407172872898613,0.17407172872898613,16.342675524124147,0.013658577278952144,False,0.5832549388523048,76.26248603937564,1,1
dmu,13,TEST13,16.318303596000202,16.28890474276681,16.28890474276681,-0.029398853233391975,0.18015875890798894,0.18015875890798894,16.33910290878296,0.127460018502501,False,0.575,75.47885216228846,1,1
dmu,14,TEST14,16.24929236000015,16.316614227012828,16.316614227012828,0.0673218670126765,0.4143064542207364,0.4143064542207364,16.38344021923828,0.8255612383980093,False,0.595724907063197,77.11691436444997,1,1
dmu,15,TEST15,16.302911276000184,16.3289379328917,16.3289379328917,0.026026656891517064,0.1596442282663535,0.1596442282663535,16.3806728873291,0.4769799087564808,False,0.5790441176470589,77.01500832960778,1,1
